{"Episode": 13, "Average Reward": -35.640872955322266, "Average Loss": 1.0956736850934505, "Average Duration": 497.0, "_timestamp": 1731914646.6854787, "_runtime": 531.244767665863, "_step": 12}