{"Episode": 2, "Average Reward": -43.68341827392578, "Average Loss": 1.77911872136754, "Average Duration": 497.0, "_timestamp": 1731914065.4173448, "_runtime": 86.25831890106201, "_step": 1, "_wandb": {"runtime": 116}}